[
  {
    "_id": "5ec34cb625f7e6b04907fbad",
    "title": "Food distribution",
    "city": "Hyattsville",
    "description": "Hi I think —not sure— there is a food distribution at going on now in our neighborhood community center?",
    "imgUrl": "https://www.bocaratontribune.com/wp-content/uploads/2020/04/IMG_0757-768x576.jpg",
    "publishedDate": "Sun May 17 2020 23:04:22 GMT-0400 (Eastern Daylight Time)"
  },
  {
    "_id": "5ec34cb6a611ef690a38dc09",
    "title": "Need a haircut!",
    "city": "Riverdale Park",
    "description": "Can someone come to my yard and cut my hair?  I will wear a mask and also provide gloves an facemasks.  Contact Jessy at jessy@example.com",
    "imgUrl": "https://i.pinimg.com/564x/57/63/87/576387d0c55bb5a3e5dead09ac578fc5.jpg",
    "publishedDate": "Mon May 18 2020 20:04:22 GMT-0400 (Eastern Daylight Time)"
  },
  {
    "_id": "5ec34cb6d1d76535514b91d9",
    "title": "aliquip veniam in eiusmod qui",
    "description": "Deserunt exercitation magna consequat nisi ullamco. Ullamco id ad proident non ullamco pariatur ad enim reprehenderit tempor aute cupidatat nostrud. Eiusmod cillum qui fugiat dolor. Commodo adipisicing est est commodo nisi eiusmod Lorem.\r\n",
    "imgUrl": "http://placehold.it/32x32",
    "publishedDate": "Mon May 18 2020 01:04:22 GMT-0400 (Eastern Daylight Time)"
  },
  {
    "_id": "5ec34cb666a8e2c4f3c36cfd",
    "title": "sit culpa Lorem enim pariatur",
    "description": "Aliqua sunt aliqua laborum in ex Lorem. Culpa occaecat adipisicing proident nisi elit officia duis ullamco ea exercitation eu pariatur. Qui qui pariatur magna ullamco amet.\r\n",
    "imgUrl": "http://placehold.it/32x32",
    "publishedDate": "Wed May 21 2020 03:04:22 GMT-0400 (Eastern Daylight Time)"
  }
]